Year,GE,JPM,Axis,MBIA
1,0.003214,0.006434,0.025050,0.063342
2,0.010485,0.021250,0.080501,0.164937
3,0.022269,0.040246,0.145195,0.338905
4,0.037525,0.069497,0.158853,0.647462
5,0.073100,0.130316,0.271040,0.532997
6,0.129710,0.160519,0.249224,0.569158
7,0.149630,0.184646,0.284249,0.625570
8,0.193014,0.228376,0.310319,0.594872
9,0.214359,0.252981,0.341616,0.638139
10,0.235140,0.276802,0.371493,0.676786
